{
    "run_id": "run_101",
    "timestamp": "2026-03-25T05:54:08.804383",
    "test_standard": "ISO 9283",
    "overall": {
        "overall_mean_accuracy_mm": 0.18990000849086805,
        "overall_max_accuracy_mm": 0.2314325516823776,
        "overall_mean_repeatability_mm": 0.9392756132816018,
        "overall_max_repeatability_mm": 1.2971589625654967,
        "overall_mean_orientation_accuracy_deg": 0.8081062267793199,
        "overall_mean_orientation_repeatability_deg": 1.7090449452937047,
        "num_poses": 5
    },
    "poses": {
        "0": {
            "ap_distance_mm": 0.20343636591386935,
            "rp_distance_mm": 1.0170000721642127,
            "ao_deg": 0.7360956223278793,
            "ro_deg": 2.6328309622450723,
            "mean_x": 0.19982732130544986,
            "mean_y": 0.00010515097862768001,
            "mean_z": 0.2199773793210018,
            "num_samples": 5
        },
        "1": {
            "ap_distance_mm": 0.2314325516823776,
            "rp_distance_mm": 0.883609496667898,
            "ao_deg": 0.9730215504193658,
            "ro_deg": 1.5755050547540552,
            "mean_x": 0.22498441108707617,
            "mean_y": -0.00019762922999063074,
            "mean_z": 0.21988058183042192,
            "num_samples": 5
        },
        "2": {
            "ap_distance_mm": 0.1960752360020645,
            "rp_distance_mm": 0.8193116450869026,
            "ao_deg": 0.7017801473254299,
            "ro_deg": 1.4421904946261264,
            "mean_x": 0.17510746285047105,
            "mean_y": -0.00010948730396195643,
            "mean_z": 0.21987789445461797,
            "num_samples": 5
        },
        "3": {
            "ap_distance_mm": 0.11990092842628815,
            "rp_distance_mm": 0.6792978899234994,
            "ao_deg": 0.1880499834524398,
            "ro_deg": 0.3402546617438978,
            "mean_x": 0.20006715539035627,
            "mean_y": 0.0250977343682998,
            "mean_z": 0.21998226925166206,
            "num_samples": 5
        },
        "4": {
            "ap_distance_mm": 0.19865496042974065,
            "rp_distance_mm": 1.2971589625654967,
            "ao_deg": 1.4415838303714847,
            "ro_deg": 2.554443553099372,
            "mean_x": 0.20008195094665165,
            "mean_y": -0.02506174483804722,
            "mean_z": 0.22017010411700122,
            "num_samples": 5
        }
    }
}