{
    "run_id": "run_067",
    "timestamp": "2026-03-25T05:29:02.381224",
    "test_standard": "ISO 9283",
    "overall": {
        "overall_mean_accuracy_mm": 0.24289761641264512,
        "overall_max_accuracy_mm": 0.3533078028881532,
        "overall_mean_repeatability_mm": 0.9747624824788643,
        "overall_max_repeatability_mm": 1.3476569506310545,
        "overall_mean_orientation_accuracy_deg": 0.3419333121631445,
        "overall_mean_orientation_repeatability_deg": 0.6909724513227854,
        "num_poses": 5
    },
    "poses": {
        "0": {
            "ap_distance_mm": 0.18253873935272558,
            "rp_distance_mm": 1.3476569506310545,
            "ao_deg": 0.2124748439459156,
            "ro_deg": 0.401159421140302,
            "mean_x": 0.20011694300190302,
            "mean_y": 0.00013758132456093364,
            "mean_z": 0.21997323986542536,
            "num_samples": 5
        },
        "1": {
            "ap_distance_mm": 0.32273564583681164,
            "rp_distance_mm": 0.7538781870982871,
            "ao_deg": 0.6456253565220617,
            "ro_deg": 1.390081785244441,
            "mean_x": 0.2249946976508128,
            "mean_y": -0.0002562282472909718,
            "mean_z": 0.2201961562323175,
            "num_samples": 5
        },
        "2": {
            "ap_distance_mm": 0.21739981805629865,
            "rp_distance_mm": 0.8947693551382692,
            "ao_deg": 0.26473399194975444,
            "ro_deg": 0.4475162341812763,
            "mean_x": 0.1751360266063698,
            "mean_y": -1.6905863971030056e-06,
            "mean_z": 0.22016957766706752,
            "num_samples": 5
        },
        "3": {
            "ap_distance_mm": 0.3533078028881532,
            "rp_distance_mm": 1.0121878982029826,
            "ao_deg": 0.36369186365492495,
            "ro_deg": 0.898935687039571,
            "mean_x": 0.20007494157650219,
            "mean_y": 0.025232938832730423,
            "mean_z": 0.2202548522393451,
            "num_samples": 5
        },
        "4": {
            "ap_distance_mm": 0.13850607592923647,
            "rp_distance_mm": 0.8653200213237279,
            "ao_deg": 0.22314050474306593,
            "ro_deg": 0.3171691290083364,
            "mean_x": 0.19990986108650585,
            "mean_y": -0.025014518211127344,
            "mean_z": 0.219895845639126,
            "num_samples": 5
        }
    }
}