{
    "run_id": "run_065",
    "timestamp": "2026-03-25T05:00:00.659496",
    "test_standard": "ISO 9283",
    "overall": {
        "overall_mean_accuracy_mm": 0.21610990277951672,
        "overall_max_accuracy_mm": 0.40597052684114,
        "overall_mean_repeatability_mm": 1.167664760708594,
        "overall_max_repeatability_mm": 1.3544376831707385,
        "num_poses": 5
    },
    "poses": {
        "0": {
            "ap_distance_mm": 0.17860129205224975,
            "rp_distance_mm": 1.3544376831707385,
            "mean_x": 0.1998939981470525,
            "mean_y": 9.212746177701999e-05,
            "mean_z": 0.21988966161374685,
            "num_samples": 5,
            "ap_x": -0.10600185294751263,
            "ap_y": 0.09212746177701998,
            "ap_z": -0.11033838625315595
        },
        "1": {
            "ap_distance_mm": 0.12418102828034035,
            "rp_distance_mm": 1.1165751835096318,
            "mean_x": 0.22503508136234274,
            "mean_y": -7.77600179605e-05,
            "mean_z": 0.21990975807289445,
            "num_samples": 5,
            "ap_x": 0.035081362342731515,
            "ap_y": -0.0777600179605,
            "ap_z": -0.0902419271055499
        },
        "2": {
            "ap_distance_mm": 0.22761156481037098,
            "rp_distance_mm": 1.2309827431837779,
            "mean_x": 0.1748727904297942,
            "mean_y": -0.0001745218390873,
            "mean_z": 0.22007188099446356,
            "num_samples": 5,
            "ap_x": -0.1272095702057885,
            "ap_y": -0.1745218390873,
            "ap_z": 0.07188099446356344
        },
        "3": {
            "ap_distance_mm": 0.40597052684114,
            "rp_distance_mm": 0.828461285534883,
            "mean_x": 0.19990438160021345,
            "mean_y": 0.02537620819896926,
            "mean_z": 0.21988110264378785,
            "num_samples": 5,
            "ap_x": -0.09561839978655673,
            "ap_y": 0.37620819896925717,
            "ap_z": -0.11889735621214981
        },
        "4": {
            "ap_distance_mm": 0.14418510191348258,
            "rp_distance_mm": 1.307866908143939,
            "mean_x": 0.19995761529876727,
            "mean_y": -0.02513752896374718,
            "mean_z": 0.21999113067951645,
            "num_samples": 5,
            "ap_x": -0.04238470123274496,
            "ap_y": -0.13752896374717716,
            "ap_z": -0.008869320483551046
        }
    }
}