{
    "run_id": "run_023",
    "timestamp": "2026-03-22T15:03:23.545678",
    "test_standard": "ISO 9283",
    "overall": {
        "overall_mean_accuracy_mm": 11.051647917031413,
        "overall_max_accuracy_mm": 17.599234050889947,
        "overall_mean_repeatability_mm": 33.620479753216166,
        "overall_max_repeatability_mm": 37.18079590410058,
        "num_poses": 5
    },
    "poses": {
        "0": {
            "ap_distance_mm": 9.948457795649187,
            "rp_distance_mm": 36.93128599188013,
            "mean_x": 0.20111819432584346,
            "mean_y": 0.00886802022916986,
            "mean_z": 0.2243680282939215,
            "num_samples": 5,
            "ap_x": 1.1181943258434524,
            "ap_y": 8.86802022916986,
            "ap_z": 4.368028293921494
        },
        "1": {
            "ap_distance_mm": 14.216677582538866,
            "rp_distance_mm": 34.21701996912076,
            "mean_x": 0.21355023386009347,
            "mean_y": 0.00787080715634708,
            "mean_z": 0.21698882555555002,
            "num_samples": 5,
            "ap_x": -11.449766139906531,
            "ap_y": 7.87080715634708,
            "ap_z": -3.011174444449982
        },
        "2": {
            "ap_distance_mm": 17.599234050889947,
            "rp_distance_mm": 27.069392293634454,
            "mean_x": 0.17994446211495807,
            "mean_y": -0.01687547194733522,
            "mean_z": 0.2192902252988092,
            "num_samples": 5,
            "ap_x": 4.944462114958082,
            "ap_y": -16.87547194733522,
            "ap_z": -0.7097747011907962
        },
        "3": {
            "ap_distance_mm": 4.695296930907213,
            "rp_distance_mm": 37.18079590410058,
            "mean_x": 0.19633772561575755,
            "mean_y": 0.023943486819470377,
            "mean_z": 0.2172582232944174,
            "num_samples": 5,
            "ap_x": -3.6622743842424645,
            "ap_y": -1.0565131805296244,
            "ap_z": -2.741776705582594
        },
        "4": {
            "ap_distance_mm": 8.798573225171848,
            "rp_distance_mm": 32.70390460734492,
            "mean_x": 0.20600512419026423,
            "mean_y": -0.01893323560672096,
            "mean_z": 0.21786745596653762,
            "num_samples": 5,
            "ap_x": 6.005124190264222,
            "ap_y": 6.0667643932790405,
            "ap_z": -2.132544033462386
        }
    }
}