{
    "run_id": "run_100",
    "timestamp": "2026-03-23T04:30:10.485693",
    "test_standard": "ISO 9283",
    "overall": {
        "overall_mean_accuracy_mm": 11.68294712847794,
        "overall_max_accuracy_mm": 18.415887637304863,
        "overall_mean_repeatability_mm": 35.14013216241543,
        "overall_max_repeatability_mm": 42.304788081759185,
        "num_poses": 5
    },
    "poses": {
        "0": {
            "ap_distance_mm": 7.361982916727738,
            "rp_distance_mm": 42.304788081759185,
            "mean_x": 0.1979704976307618,
            "mean_y": 0.00688644135436982,
            "mean_z": 0.21837001899634606,
            "num_samples": 5,
            "ap_x": -2.029502369238212,
            "ap_y": 6.88644135436982,
            "ap_z": -1.6299810036539408
        },
        "1": {
            "ap_distance_mm": 8.098932423170222,
            "rp_distance_mm": 27.72910606478878,
            "mean_x": 0.22180647730116937,
            "mean_y": -0.0038968998210159797,
            "mean_z": 0.22634100078474187,
            "num_samples": 5,
            "ap_x": -3.1935226988306367,
            "ap_y": -3.8968998210159795,
            "ap_z": 6.341000784741868
        },
        "2": {
            "ap_distance_mm": 14.534598009508406,
            "rp_distance_mm": 38.46540831811822,
            "mean_x": 0.18665712719632202,
            "mean_y": 0.0062146930931047395,
            "mean_z": 0.22606164289489997,
            "num_samples": 5,
            "ap_x": 11.657127196322032,
            "ap_y": 6.2146930931047395,
            "ap_z": 6.061642894899966
        },
        "3": {
            "ap_distance_mm": 10.003334655678476,
            "rp_distance_mm": 39.46978471095247,
            "mean_x": 0.19824489030682693,
            "mean_y": 0.018326672816391838,
            "mean_z": 0.21275755576487163,
            "num_samples": 5,
            "ap_x": -1.7551096931730792,
            "ap_y": -6.673327183608163,
            "ap_z": -7.242444235128376
        },
        "4": {
            "ap_distance_mm": 18.415887637304863,
            "rp_distance_mm": 27.73157363645852,
            "mean_x": 0.20410274666247513,
            "mean_y": -0.011093512689172299,
            "mean_z": 0.2086456176756648,
            "num_samples": 5,
            "ap_x": 4.102746662475121,
            "ap_y": 13.906487310827702,
            "ap_z": -11.354382324335194
        }
    }
}