{
    "run_id": "run_034",
    "timestamp": "2026-03-23T05:38:14.770719",
    "test_standard": "ISO 9283",
    "overall": {
        "overall_mean_accuracy_mm": 13.697480855396837,
        "overall_max_accuracy_mm": 21.10891720402716,
        "overall_mean_repeatability_mm": 30.3617764618774,
        "overall_max_repeatability_mm": 39.5765359540263,
        "num_poses": 5
    },
    "poses": {
        "0": {
            "ap_distance_mm": 21.10891720402716,
            "rp_distance_mm": 10.575227066314268,
            "mean_x": 0.19778492096797695,
            "mean_y": -0.01078405418256288,
            "mean_z": 0.20198933688628,
            "num_samples": 5,
            "ap_x": -2.2150790320230596,
            "ap_y": -10.78405418256288,
            "ap_z": -18.01066311371999
        },
        "1": {
            "ap_distance_mm": 9.755979391657272,
            "rp_distance_mm": 33.74570331069577,
            "mean_x": 0.21675987586847906,
            "mean_y": 0.00461849608954474,
            "mean_z": 0.21756094648307434,
            "num_samples": 5,
            "ap_x": -8.240124131520949,
            "ap_y": 4.61849608954474,
            "ap_z": -2.4390535169256653
        },
        "2": {
            "ap_distance_mm": 9.862153615921835,
            "rp_distance_mm": 31.946332974207472,
            "mean_x": 0.18229131169114163,
            "mean_y": -0.0061311330956586,
            "mean_z": 0.21744891106976233,
            "num_samples": 5,
            "ap_x": 7.2913116911416385,
            "ap_y": -6.1311330956586,
            "ap_z": -2.551088930237672
        },
        "3": {
            "ap_distance_mm": 18.810086508194413,
            "rp_distance_mm": 39.5765359540263,
            "mean_x": 0.1904742398524777,
            "mean_y": 0.03405790311008102,
            "mean_z": 0.20654512581604653,
            "num_samples": 5,
            "ap_x": -9.525760147522321,
            "ap_y": 9.05790311008102,
            "ap_z": -13.45487418395347
        },
        "4": {
            "ap_distance_mm": 8.950267557183494,
            "rp_distance_mm": 35.96508300414321,
            "mean_x": 0.19573741373676382,
            "mean_y": -0.026240926515564755,
            "mean_z": 0.21222840112482574,
            "num_samples": 5,
            "ap_x": -4.262586263236195,
            "ap_y": -1.240926515564754,
            "ap_z": -7.7715988751742575
        }
    }
}