{
    "run_id": "run_037",
    "timestamp": "2026-03-23T07:08:07.041167",
    "test_standard": "ISO 9283",
    "overall": {
        "overall_mean_accuracy_mm": 8.344148657264046,
        "overall_max_accuracy_mm": 15.713532005115132,
        "overall_mean_repeatability_mm": 32.91725620820155,
        "overall_max_repeatability_mm": 41.90177941712081,
        "num_poses": 5
    },
    "poses": {
        "0": {
            "ap_distance_mm": 15.713532005115132,
            "rp_distance_mm": 24.321889667174272,
            "mean_x": 0.21274934271499585,
            "mean_y": -0.0066206172199620595,
            "mean_z": 0.22636684977348312,
            "num_samples": 10,
            "ap_x": 12.749342714995837,
            "ap_y": -6.620617219962059,
            "ap_z": 6.366849773483119
        },
        "1": {
            "ap_distance_mm": 6.508167229701412,
            "rp_distance_mm": 39.55812837548277,
            "mean_x": 0.23067000738626492,
            "mean_y": 0.00205117405593892,
            "mean_z": 0.2175505221124281,
            "num_samples": 10,
            "ap_x": 5.670007386264913,
            "ap_y": 2.0511740559389198,
            "ap_z": -2.44947788757191
        },
        "2": {
            "ap_distance_mm": 7.074901419263728,
            "rp_distance_mm": 32.52449499934161,
            "mean_x": 0.180881407402745,
            "mean_y": 0.0025628930050646597,
            "mean_z": 0.22298242460086198,
            "num_samples": 10,
            "ap_x": 5.881407402745009,
            "ap_y": 2.5628930050646597,
            "ap_z": 2.9824246008619824
        },
        "3": {
            "ap_distance_mm": 7.210593143849055,
            "rp_distance_mm": 26.27998858188828,
            "mean_x": 0.19322778385963363,
            "mean_y": 0.025719169320873907,
            "mean_z": 0.21763092053273897,
            "num_samples": 10,
            "ap_x": -6.772216140366383,
            "ap_y": 0.719169320873906,
            "ap_z": -2.369079467261032
        },
        "4": {
            "ap_distance_mm": 5.2135494883909,
            "rp_distance_mm": 41.90177941712081,
            "mean_x": 0.19833275075002857,
            "mean_y": -0.02006468401981345,
            "mean_z": 0.2202098437087118,
            "num_samples": 10,
            "ap_x": -1.667249249971442,
            "ap_y": 4.9353159801865525,
            "ap_z": 0.2098437087117988
        }
    }
}