{
    "run_id": "run_045",
    "timestamp": "2026-03-23T13:42:13.423620",
    "test_standard": "ISO 9283",
    "overall": {
        "overall_mean_accuracy_mm": 19.812088168811364,
        "overall_max_accuracy_mm": 29.10741941198885,
        "overall_mean_repeatability_mm": 4.67659925612217e-10,
        "overall_max_repeatability_mm": 1.8278236709439363e-09,
        "num_poses": 5
    },
    "poses": {
        "0": {
            "ap_distance_mm": 11.05480171720612,
            "rp_distance_mm": 2.5549800474174553e-10,
            "mean_x": 0.2009027865458024,
            "mean_y": -0.007829351222678058,
            "mean_z": 0.21224791144971814,
            "num_samples": 5,
            "ap_x": 0.902786545802392,
            "ap_y": -7.829351222678058,
            "ap_z": -7.752088550281866
        },
        "1": {
            "ap_distance_mm": 16.488814785326706,
            "rp_distance_mm": 1.1279523792943038e-10,
            "mean_x": 0.23779016207589415,
            "mean_y": -0.0101368579686749,
            "mean_z": 0.21764694292035233,
            "num_samples": 5,
            "ap_x": 12.790162075894147,
            "ap_y": -10.1368579686749,
            "ap_z": -2.353057079647669
        },
        "2": {
            "ap_distance_mm": 29.10741941198885,
            "rp_distance_mm": 2.4821087203877595e-11,
            "mean_x": 0.19267234263570926,
            "mean_y": -0.0142527073792646,
            "mean_z": 0.20178488257099136,
            "num_samples": 5,
            "ap_x": 17.67234263570927,
            "ap_y": -14.252707379264601,
            "ap_z": -18.215117429008636
        },
        "3": {
            "ap_distance_mm": 28.907823110885268,
            "rp_distance_mm": 1.8278236709439363e-09,
            "mean_x": 0.20328141318392454,
            "mean_y": 0.0044716015516267395,
            "mean_z": 0.19991320280205366,
            "num_samples": 5,
            "ap_x": 3.281413183924525,
            "ap_y": -20.528398448373263,
            "ap_z": -20.086797197946343
        },
        "4": {
            "ap_distance_mm": 13.501581818649862,
            "rp_distance_mm": 1.1736162724209548e-10,
            "mean_x": 0.19707432486339957,
            "mean_y": -0.011863606987484739,
            "mean_z": 0.2210808863129463,
            "num_samples": 5,
            "ap_x": -2.925675136600442,
            "ap_y": 13.136393012515263,
            "ap_z": 1.0808863129463109
        }
    }
}